{"cameraMode":{"drawMode":0,"name":"Shaded","section":"Shading Mode"},"sceneLighting":true,"audioPlay":false,"sceneViewState":{"m_AlwaysRefresh":false,"showFog":true,"showSkybox":true,"showFlares":true,"showImageEffects":true,"showParticleSystems":true,"showVisualEffectGraphs":true,"m_FxEnabled":true},"in2DMode":false,"pivot":{"x":1.792051911354065,"y":1.4719808101654053,"z":0.6075320243835449},"rotation":{"x":0.22156338393688203,"y":0.026325277984142305,"z":-0.0059836492873728279,"w":0.9747729897499085},"size":3.0542495250701906,"orthographic":false}