{"cameraMode":{"drawMode":0,"name":"Shaded","section":"Shading Mode"},"sceneLighting":true,"audioPlay":false,"sceneViewState":{"m_AlwaysRefresh":false,"showFog":true,"showSkybox":true,"showFlares":true,"showImageEffects":true,"showParticleSystems":true,"showVisualEffectGraphs":true,"m_FxEnabled":true},"in2DMode":false,"pivot":{"x":359.3232116699219,"y":754.0318603515625,"z":7.185302734375},"rotation":{"x":0.025497134774923326,"y":-0.0021011000499129297,"z":0.00005360065188142471,"w":0.9996733665466309},"size":512.809326171875,"orthographic":false}